--
-- PostgreSQL database dump
--

SET statement_timeout = 0;
SET lock_timeout = 0;
SET client_encoding = 'UTF8';
SET standard_conforming_strings = on;
SET check_function_bodies = false;
SET client_min_messages = warning;

--
-- Name: plpgsql; Type: EXTENSION; Schema: -; Owner: 
--

CREATE EXTENSION IF NOT EXISTS plpgsql WITH SCHEMA pg_catalog;


--
-- Name: EXTENSION plpgsql; Type: COMMENT; Schema: -; Owner: 
--

COMMENT ON EXTENSION plpgsql IS 'PL/pgSQL procedural language';


--
-- Name: hstore; Type: EXTENSION; Schema: -; Owner: 
--

CREATE EXTENSION IF NOT EXISTS hstore WITH SCHEMA public;


--
-- Name: EXTENSION hstore; Type: COMMENT; Schema: -; Owner: 
--

COMMENT ON EXTENSION hstore IS 'data type for storing sets of (key, value) pairs';


SET search_path = public, pg_catalog;

SET default_tablespace = '';

SET default_with_oids = false;

--
-- Name: assignments; Type: TABLE; Schema: public; Owner: lmshweb; Tablespace: 
--

CREATE TABLE assignments (
    id integer NOT NULL,
    golimo_id integer,
    task_id integer,
    team integer,
    score numeric,
    time_spent integer,
    created_at timestamp without time zone,
    updated_at timestamp without time zone,
    complete smallint DEFAULT 0
);


ALTER TABLE public.assignments OWNER TO lmshweb;

--
-- Name: assignments_id_seq; Type: SEQUENCE; Schema: public; Owner: lmshweb
--

CREATE SEQUENCE assignments_id_seq
    START WITH 1
    INCREMENT BY 1
    NO MINVALUE
    NO MAXVALUE
    CACHE 1;


ALTER TABLE public.assignments_id_seq OWNER TO lmshweb;

--
-- Name: assignments_id_seq; Type: SEQUENCE OWNED BY; Schema: public; Owner: lmshweb
--

ALTER SEQUENCE assignments_id_seq OWNED BY assignments.id;


--
-- Name: golimos; Type: TABLE; Schema: public; Owner: lmshweb; Tablespace: 
--

CREATE TABLE golimos (
    id integer NOT NULL,
    created_at timestamp without time zone,
    updated_at timestamp without time zone,
    name character varying(255),
    last_name character varying(255),
    team integer,
    gender smallint,
    birthday date,
    city character varying(255),
    form integer,
    money numeric DEFAULT 0
);


ALTER TABLE public.golimos OWNER TO lmshweb;

--
-- Name: golimos_id_seq; Type: SEQUENCE; Schema: public; Owner: lmshweb
--

CREATE SEQUENCE golimos_id_seq
    START WITH 1
    INCREMENT BY 1
    NO MINVALUE
    NO MAXVALUE
    CACHE 1;


ALTER TABLE public.golimos_id_seq OWNER TO lmshweb;

--
-- Name: golimos_id_seq; Type: SEQUENCE OWNED BY; Schema: public; Owner: lmshweb
--

ALTER SEQUENCE golimos_id_seq OWNED BY golimos.id;


--
-- Name: schema_migrations; Type: TABLE; Schema: public; Owner: lmshweb; Tablespace: 
--

CREATE TABLE schema_migrations (
    version character varying(255) NOT NULL
);


ALTER TABLE public.schema_migrations OWNER TO lmshweb;

--
-- Name: tasks; Type: TABLE; Schema: public; Owner: lmshweb; Tablespace: 
--

CREATE TABLE tasks (
    id integer NOT NULL,
    description text,
    simple smallint DEFAULT 1,
    category_id integer,
    number integer,
    created_at timestamp without time zone,
    updated_at timestamp without time zone,
    form integer
);


ALTER TABLE public.tasks OWNER TO lmshweb;

--
-- Name: tasks_id_seq; Type: SEQUENCE; Schema: public; Owner: lmshweb
--

CREATE SEQUENCE tasks_id_seq
    START WITH 1
    INCREMENT BY 1
    NO MINVALUE
    NO MAXVALUE
    CACHE 1;


ALTER TABLE public.tasks_id_seq OWNER TO lmshweb;

--
-- Name: tasks_id_seq; Type: SEQUENCE OWNED BY; Schema: public; Owner: lmshweb
--

ALTER SEQUENCE tasks_id_seq OWNED BY tasks.id;


--
-- Name: users; Type: TABLE; Schema: public; Owner: lmshweb; Tablespace: 
--

CREATE TABLE users (
    id integer NOT NULL,
    name character varying(255),
    email character varying(255) NOT NULL,
    crypted_password character varying(255) NOT NULL,
    salt character varying(255) NOT NULL,
    created_at timestamp without time zone,
    updated_at timestamp without time zone,
    role_id integer DEFAULT 1,
    remember_me_token character varying(255),
    remember_me_token_expires_at timestamp without time zone,
    avatar_file_name character varying(255),
    avatar_content_type character varying(255),
    avatar_file_size integer,
    avatar_updated_at timestamp without time zone
);


ALTER TABLE public.users OWNER TO lmshweb;

--
-- Name: users_id_seq; Type: SEQUENCE; Schema: public; Owner: lmshweb
--

CREATE SEQUENCE users_id_seq
    START WITH 1
    INCREMENT BY 1
    NO MINVALUE
    NO MAXVALUE
    CACHE 1;


ALTER TABLE public.users_id_seq OWNER TO lmshweb;

--
-- Name: users_id_seq; Type: SEQUENCE OWNED BY; Schema: public; Owner: lmshweb
--

ALTER SEQUENCE users_id_seq OWNED BY users.id;


--
-- Name: id; Type: DEFAULT; Schema: public; Owner: lmshweb
--

ALTER TABLE ONLY assignments ALTER COLUMN id SET DEFAULT nextval('assignments_id_seq'::regclass);


--
-- Name: id; Type: DEFAULT; Schema: public; Owner: lmshweb
--

ALTER TABLE ONLY golimos ALTER COLUMN id SET DEFAULT nextval('golimos_id_seq'::regclass);


--
-- Name: id; Type: DEFAULT; Schema: public; Owner: lmshweb
--

ALTER TABLE ONLY tasks ALTER COLUMN id SET DEFAULT nextval('tasks_id_seq'::regclass);


--
-- Name: id; Type: DEFAULT; Schema: public; Owner: lmshweb
--

ALTER TABLE ONLY users ALTER COLUMN id SET DEFAULT nextval('users_id_seq'::regclass);


--
-- Data for Name: assignments; Type: TABLE DATA; Schema: public; Owner: lmshweb
--

COPY assignments (id, golimo_id, task_id, team, score, time_spent, created_at, updated_at, complete) FROM stdin;
9	32	54	2	\N	\N	2014-08-10 13:33:06.985312	2014-08-10 13:33:06.985312	0
24	11	24	2	\N	\N	2014-08-10 13:44:12.91294	2014-08-10 13:44:12.91294	0
32	1	165	2	\N	\N	2014-08-10 13:44:47.74715	2014-08-10 13:44:47.74715	0
41	36	68	3	\N	\N	2014-08-10 13:45:47.095419	2014-08-10 13:45:47.095419	0
46	7	27	1	\N	\N	2014-08-10 13:46:17.253699	2014-08-10 13:46:17.253699	0
2	49	115	4	0.0	\N	2014-08-10 13:29:02.062777	2014-08-10 13:46:48.472721	1
23	52	26	1	6.62	\N	2014-08-10 13:44:01.915223	2014-08-10 13:53:07.164826	1
37	51	37	4	10.89	\N	2014-08-10 13:45:25.157982	2014-08-10 13:56:35.233017	1
55	51	92	4	\N	\N	2014-08-10 13:56:57.373736	2014-08-10 13:56:57.373736	0
53	16	82	1	6.82	\N	2014-08-10 13:47:15.726996	2014-08-10 13:58:20.275219	1
13	21	55	3	6.66	\N	2014-08-10 13:35:17.23827	2014-08-10 13:59:41.747247	1
38	44	88	1	6.67	\N	2014-08-10 13:45:31.816687	2014-08-10 14:00:27.8888	1
39	34	93	4	6.68	\N	2014-08-10 13:45:33.352279	2014-08-10 14:02:27.353291	1
11	30	112	3	11.06	\N	2014-08-10 13:34:45.06155	2014-08-10 14:04:06.669157	1
10	23	160	4	32.36	\N	2014-08-10 13:34:25.845535	2014-08-10 14:04:40.546016	1
28	3	61	4	0.0	\N	2014-08-10 13:44:29.312495	2014-08-10 14:08:39.211734	1
36	53	138	4	0.0	\N	2014-08-10 13:45:14.678279	2014-08-10 14:09:22.030828	1
8	22	140	3	0.0	\N	2014-08-10 13:33:01.455371	2014-08-10 14:09:28.61475	1
27	8	20	3	10.81	\N	2014-08-10 13:44:23.523603	2014-08-10 14:10:24.575494	1
43	26	69	1	10.55	\N	2014-08-10 13:45:54.73762	2014-08-10 14:11:04.94827	1
51	49	78	4	7.07	\N	2014-08-10 13:47:01.395802	2014-08-10 14:12:28.574277	1
42	50	137	4	10.36	\N	2014-08-10 13:45:50.015694	2014-08-10 14:13:36.056348	1
61	23	99	4	11.46	\N	2014-08-10 14:05:35.477268	2014-08-10 14:13:36.1702	1
33	17	124	1	11.35	\N	2014-08-10 13:44:51.472137	2014-08-10 14:14:13.21763	1
48	2	121	1	10.23	\N	2014-08-10 13:46:40.153068	2014-08-10 14:15:19.539151	1
59	34	25	4	10.52	\N	2014-08-10 14:02:46.016229	2014-08-10 14:17:05.476936	1
70	17	117	1	11.15	\N	2014-08-10 14:14:22.459111	2014-08-10 14:17:36.270272	1
54	52	133	1	10.12	\N	2014-08-10 13:53:35.860839	2014-08-10 14:19:01.539975	1
4	39	111	3	10.85	\N	2014-08-10 13:30:13.365508	2014-08-10 14:19:28.037944	1
45	19	8	1	10.43	\N	2014-08-10 13:46:06.330366	2014-08-10 14:19:54.148953	1
76	19	28	1	\N	\N	2014-08-10 14:20:04.607719	2014-08-10 14:20:04.607719	0
52	48	23	3	0.0	\N	2014-08-10 13:47:08.552174	2014-08-10 14:20:23.160899	1
14	54	26	2	0.0	\N	2014-08-10 13:35:56.304211	2014-08-10 14:20:32.683161	1
3	13	80	2	24.46	\N	2014-08-10 13:29:04.460004	2014-08-10 14:24:36.156857	1
19	25	100	2	0.0	\N	2014-08-10 13:38:29.367726	2014-08-10 14:24:59.676792	1
15	33	124	3	0.0	\N	2014-08-10 13:36:24.771258	2014-08-10 14:26:13.336741	1
69	23	142	4	30.13	\N	2014-08-10 14:14:00.294273	2014-08-10 14:26:25.266041	1
66	26	37	1	10.33	\N	2014-08-10 14:11:46.471924	2014-08-10 14:27:33.335982	1
26	12	35	2	10.57	\N	2014-08-10 13:44:21.408173	2014-08-10 14:27:57.115535	1
21	37	195	2	33.0	\N	2014-08-10 13:43:48.992204	2014-08-10 14:28:23.325658	1
22	38	169	3	0.0	\N	2014-08-10 13:43:56.813615	2014-08-10 14:28:30.346525	1
71	2	137	1	10.06	\N	2014-08-10 14:16:41.335339	2014-08-10 14:28:54.217904	1
6	47	50	4	0.0	\N	2014-08-10 13:31:59.656074	2014-08-10 14:29:21.0336	1
88	47	6	4	\N	\N	2014-08-10 14:29:30.059017	2014-08-10 14:29:30.059017	0
65	8	46	3	30.81	\N	2014-08-10 14:10:35.400333	2014-08-10 14:29:57.505203	1
56	16	78	1	8.54	\N	2014-08-10 13:59:11.165727	2014-08-10 14:30:33.429097	1
72	34	52	4	30.22	\N	2014-08-10 14:17:41.44527	2014-08-10 14:31:56.829979	1
5	14	19	4	8.52	\N	2014-08-10 13:31:12.415779	2014-08-10 14:32:38.743695	1
47	35	1	3	8.46	\N	2014-08-10 13:46:23.04184	2014-08-10 14:34:31.533043	1
58	44	169	1	0.0	\N	2014-08-10 14:00:41.599842	2014-08-10 14:35:06.637426	1
93	44	93	1	\N	\N	2014-08-10 14:35:17.317249	2014-08-10 14:35:17.317249	0
73	17	127	1	10.7	\N	2014-08-10 14:17:43.667321	2014-08-10 14:35:29.10077	1
80	25	55	2	8.32	\N	2014-08-10 14:25:10.363089	2014-08-10 14:35:47.170276	1
89	8	76	3	29.9	\N	2014-08-10 14:30:07.555204	2014-08-10 14:36:37.237225	1
12	40	183	4	11.08	\N	2014-08-10 13:35:01.663898	2014-08-10 14:36:42.461838	1
86	38	78	3	8.36	\N	2014-08-10 14:28:53.067557	2014-08-10 14:36:49.891889	1
74	52	49	1	0.0	\N	2014-08-10 14:19:11.407348	2014-08-10 14:37:57.125255	1
94	17	106	1	10.68	\N	2014-08-10 14:35:36.6557	2014-08-10 14:39:27.940123	1
18	29	10	3	8.49	\N	2014-08-10 13:36:51.916916	2014-08-10 14:39:46.185408	1
60	30	101	3	10.05	\N	2014-08-10 14:04:29.687126	2014-08-10 14:40:20.091097	1
78	54	40	2	0.0	\N	2014-08-10 14:21:03.227404	2014-08-10 14:40:47.501254	1
77	48	102	3	9.93	\N	2014-08-10 14:20:40.073343	2014-08-10 14:41:55.626443	1
82	33	109	3	0.0	\N	2014-08-10 14:26:49.404244	2014-08-10 14:47:06.129819	1
97	14	139	4	9.9	\N	2014-08-10 14:37:43.252285	2014-08-10 14:47:44.429866	1
81	23	96	4	10.39	\N	2014-08-10 14:26:47.069797	2014-08-10 14:49:30.763271	1
30	6	3	3	8.62	\N	2014-08-10 13:44:43.971446	2014-08-10 14:50:27.37285	1
31	9	86	2	0.0	\N	2014-08-10 13:44:44.533461	2014-08-10 14:50:46.854174	1
64	53	136	4	10.0	\N	2014-08-10 14:09:49.502402	2014-08-10 14:52:50.142506	1
50	27	181	1	11.1	\N	2014-08-10 13:46:52.452123	2014-08-10 14:54:21.734763	1
68	50	167	4	10.98	\N	2014-08-10 14:13:47.503173	2014-08-10 14:54:47.525331	1
63	22	105	3	9.92	\N	2014-08-10 14:09:38.795889	2014-08-10 14:55:10.139967	1
96	40	181	4	10.94	\N	2014-08-10 14:37:06.230522	2014-08-10 14:55:24.809381	1
99	25	167	2	10.9	\N	2014-08-10 14:38:48.579419	2014-08-10 14:56:13.748168	1
90	16	72	1	9.12	\N	2014-08-10 14:30:42.216172	2014-08-10 14:58:55.083217	1
20	24	122	1	0.0	\N	2014-08-10 13:43:42.071522	2014-08-10 15:01:04.295878	1
92	35	6	3	9.07	\N	2014-08-10 14:34:52.439168	2014-08-10 15:01:28.846819	1
16	5	179	4	10.86	\N	2014-08-10 13:36:34.319052	2014-08-10 15:01:57.236095	1
40	10	3	2	9.09	\N	2014-08-10 13:45:41.953254	2014-08-10 15:02:22.204925	1
7	46	181	2	10.83	\N	2014-08-10 13:32:26.817494	2014-08-10 15:02:35.688081	1
57	21	71	3	9.72	\N	2014-08-10 13:59:58.147032	2014-08-10 15:03:14.064419	1
75	39	138	3	28.81	\N	2014-08-10 14:19:37.683371	2014-08-10 15:05:28.904944	1
44	15	27	2	9.2	\N	2014-08-10 13:45:56.526894	2014-08-10 15:07:13.867433	1
1	31	75	1	27.66	\N	2014-08-10 13:28:57.026391	2014-08-10 15:08:34.616855	1
85	37	189	2	32.52	\N	2014-08-10 14:28:37.721508	2014-08-10 15:08:36.875242	1
35	42	23	2	0.0	\N	2014-08-10 13:45:07.523707	2014-08-10 15:11:44.239811	1
62	3	13	4	9.31	\N	2014-08-10 14:08:50.34042	2014-08-10 15:14:19.464952	1
29	45	33	1	0.0	\N	2014-08-10 13:44:33.744685	2014-08-10 15:14:43.463805	1
83	26	85	1	31.38	\N	2014-08-10 14:27:41.438073	2014-08-10 15:17:01.280631	1
17	20	132	2	10.23	\N	2014-08-10 13:36:43.896369	2014-08-10 15:17:28.412113	1
25	41	3	4	9.35	\N	2014-08-10 13:44:17.103272	2014-08-10 15:17:38.223442	1
49	18	28	3	9.44	\N	2014-08-10 13:46:52.05373	2014-08-10 15:23:33.603305	1
79	13	85	2	31.26	\N	2014-08-10 14:24:50.579886	2014-08-10 15:26:58.482279	1
87	2	152	1	30.52	\N	2014-08-10 14:29:03.26392	2014-08-10 14:38:59.346169	1
95	38	64	3	8.57	\N	2014-08-10 14:37:01.765043	2014-08-10 14:46:11.087233	1
104	54	45	2	10.5	\N	2014-08-10 14:40:58.344751	2014-08-10 14:48:34.928577	1
109	38	116	3	\N	\N	2014-08-10 14:49:00.35569	2014-08-10 14:49:00.35569	0
111	6	69	3	\N	\N	2014-08-10 14:50:35.821762	2014-08-10 14:50:35.821762	0
106	33	106	3	10.22	\N	2014-08-10 14:47:14.996453	2014-08-10 14:51:29.887829	1
102	29	146	3	10.11	\N	2014-08-10 14:39:58.301275	2014-08-10 14:51:58.860718	1
115	53	123	4	\N	\N	2014-08-10 14:53:02.713365	2014-08-10 14:53:02.713365	0
91	34	76	4	30.47	\N	2014-08-10 14:32:13.109125	2014-08-10 14:53:30.487459	1
108	54	29	2	10.12	\N	2014-08-10 14:48:48.714694	2014-08-10 14:56:55.690199	1
107	14	29	4	10.02	\N	2014-08-10 14:48:11.216347	2014-08-10 14:57:27.281409	1
100	2	115	1	9.98	\N	2014-08-10 14:39:07.099623	2014-08-10 14:58:25.719432	1
114	29	148	3	9.99	\N	2014-08-10 14:52:07.132393	2014-08-10 14:58:45.031468	1
123	16	55	1	\N	\N	2014-08-10 14:59:03.582031	2014-08-10 14:59:03.582031	0
105	48	119	3	0.0	\N	2014-08-10 14:42:16.552684	2014-08-10 15:00:09.878149	1
98	52	53	1	29.9	\N	2014-08-10 14:38:11.201993	2014-08-10 15:00:29.212247	1
128	5	114	4	\N	\N	2014-08-10 15:02:10.921327	2014-08-10 15:02:10.921327	0
120	40	120	4	9.75	\N	2014-08-10 14:55:44.48864	2014-08-10 15:02:13.604156	1
119	8	82	3	9.1	\N	2014-08-10 14:55:42.123029	2014-08-10 15:02:51.515137	1
118	50	130	4	10.05	\N	2014-08-10 14:54:57.485695	2014-08-10 15:04:24.176802	1
101	17	114	1	9.7	\N	2014-08-10 14:39:36.794274	2014-08-10 15:04:45.627131	1
132	17	109	1	\N	\N	2014-08-10 15:04:56.38227	2014-08-10 15:04:56.38227	0
134	2	87	1	\N	\N	2014-08-10 15:05:18.395131	2014-08-10 15:05:18.395131	0
67	49	174	4	10.85	\N	2014-08-10 14:13:21.659612	2014-08-10 15:05:19.397392	1
135	49	110	4	\N	\N	2014-08-10 15:05:33.850284	2014-08-10 15:05:33.850284	0
129	46	106	2	9.54	\N	2014-08-10 15:02:43.227869	2014-08-10 15:05:37.574282	1
126	24	64	1	9.21	\N	2014-08-10 15:01:12.704787	2014-08-10 15:05:59.478278	1
139	21	67	3	\N	\N	2014-08-10 15:07:28.70353	2014-08-10 15:07:28.70353	0
110	23	89	4	28.13	\N	2014-08-10 14:50:09.864562	2014-08-10 15:07:39.860818	1
113	33	127	3	0.0	\N	2014-08-10 14:51:40.577471	2014-08-10 15:08:15.096325	1
141	33	176	3	\N	\N	2014-08-10 15:08:23.666685	2014-08-10 15:08:23.666685	0
125	52	62	1	28.29	\N	2014-08-10 15:00:48.448857	2014-08-10 15:09:45.48687	1
143	52	44	1	\N	\N	2014-08-10 15:09:55.779013	2014-08-10 15:09:55.779013	0
137	24	73	1	9.38	\N	2014-08-10 15:06:27.276686	2014-08-10 15:10:29.381769	1
145	24	99	1	9.31	\N	2014-08-10 15:10:39.255764	2014-08-10 15:11:02.470271	1
147	42	143	2	\N	\N	2014-08-10 15:11:59.512893	2014-08-10 15:11:59.512893	0
127	35	31	3	9.2	\N	2014-08-10 15:01:39.87105	2014-08-10 15:12:14.159714	1
130	40	126	4	10.18	\N	2014-08-10 15:02:51.222306	2014-08-10 15:12:55.738511	1
138	39	131	3	9.15	\N	2014-08-10 15:06:46.50863	2014-08-10 15:13:37.159581	1
133	8	70	3	31.68	\N	2014-08-10 15:05:08.120537	2014-08-10 15:13:44.453145	1
149	40	188	4	\N	\N	2014-08-10 15:13:47.699151	2014-08-10 15:13:47.699151	0
124	48	7	3	9.38	\N	2014-08-10 15:00:18.414154	2014-08-10 15:13:59.502273	1
150	48	18	3	\N	\N	2014-08-10 15:14:10.262001	2014-08-10 15:14:10.262001	0
116	34	46	4	31.53	\N	2014-08-10 14:53:44.019164	2014-08-10 15:14:20.589539	1
84	12	14	2	9.3	\N	2014-08-10 14:28:06.399343	2014-08-10 15:14:33.090278	1
151	45	39	1	\N	\N	2014-08-10 15:14:54.132115	2014-08-10 15:14:54.132115	0
112	9	111	2	9.23	\N	2014-08-10 14:51:14.27147	2014-08-10 15:15:03.985125	1
117	27	185	1	10.84	\N	2014-08-10 14:54:37.152637	2014-08-10 15:16:30.115111	1
121	25	174	2	10.8	\N	2014-08-10 14:56:22.690271	2014-08-10 15:16:53.481792	1
140	23	121	4	10.26	\N	2014-08-10 15:08:04.164764	2014-08-10 15:17:14.542298	1
142	31	41	1	10.41	\N	2014-08-10 15:09:20.857422	2014-08-10 15:17:48.81724	1
152	31	11	1	\N	\N	2014-08-10 15:17:57.887682	2014-08-10 15:17:57.887682	0
131	50	107	4	10.22	\N	2014-08-10 15:04:36.863107	2014-08-10 15:18:13.157809	1
153	20	97	2	\N	\N	2014-08-10 15:18:48.22843	2014-08-10 15:18:48.22843	0
136	46	117	2	9.33	\N	2014-08-10 15:05:47.524079	2014-08-10 15:19:25.350145	1
122	54	62	2	27.89	\N	2014-08-10 14:57:06.675182	2014-08-10 15:19:58.630285	1
103	30	123	3	10.17	\N	2014-08-10 14:40:35.171433	2014-08-10 15:20:30.736944	1
144	37	159	2	30.41	\N	2014-08-10 15:10:02.141435	2014-08-10 15:22:44.679182	1
146	24	96	1	9.27	\N	2014-08-10 15:11:12.305052	2014-08-10 15:23:18.145355	1
148	35	53	3	27.75	\N	2014-08-10 15:12:38.001295	2014-08-10 15:26:42.729644	1
34	4	23	4	9.45	\N	2014-08-10 13:44:59.123233	2014-08-10 15:27:50.736253	1
\.


--
-- Name: assignments_id_seq; Type: SEQUENCE SET; Schema: public; Owner: lmshweb
--

SELECT pg_catalog.setval('assignments_id_seq', 153, true);


--
-- Data for Name: golimos; Type: TABLE DATA; Schema: public; Owner: lmshweb
--

COPY golimos (id, created_at, updated_at, name, last_name, team, gender, birthday, city, form, money) FROM stdin;
6	2014-08-09 22:22:04.174558	2014-08-10 14:50:35.825928	Ольга	Бочарова	3	0	\N	Ефремов	9	36.289999999999999
5	2014-08-09 22:22:04.172242	2014-08-10 15:02:10.924958	Марина	Борисова	4	0	\N	Ефремов	9	41.83
10	2014-08-09 22:22:04.184177	2014-08-10 15:02:22.212731	Евгения	Данилина	2	0	\N	Тула	9	46.22
2	2014-08-09 22:22:04.164858	2014-08-10 15:05:18.401353	Анастасия	Баласанова	1	0	\N	Тула	8	41.47
8	2014-08-09 22:22:04.178987	2014-08-10 15:13:44.456367	Ксения	Бушенкова	3	0	\N	Ефремов	8	56.549999999999999
3	2014-08-09 22:22:04.167341	2014-08-10 15:14:19.469259	Павел	Балтабаев	4	1	\N	Ефремов	9	37.57
12	2014-08-09 22:22:04.188768	2014-08-10 15:14:33.096639	Юлия	Елагина	2	0	\N	Ефремов	7	49.030000000000002
9	2014-08-09 22:22:04.181986	2014-08-10 15:15:03.990565	Алексей	Вишневский	2	1	\N	Тула	9	11.509999999999999
4	2014-08-09 22:22:04.169742	2014-08-10 15:27:50.740456	Диана	Береговая	4	0	\N	Тула	10	46.899999999999999
1	2014-08-09 22:22:04.155659	2014-08-10 13:44:47.751008	Софья	Афонина	2	0	\N	Ефремов	8	40.390000000000001
7	2014-08-09 22:22:04.17674	2014-08-10 13:46:17.257651	Владислав	Бурченко	1	1	\N	Москва	10	37.11
45	2014-08-09 22:22:04.264435	2014-08-10 15:14:54.135821	Владислав	Соколов	1	1	\N	Ефремов	10	5.62
19	2014-08-09 22:22:04.204201	2014-08-10 14:20:04.610995	Анна	Кайнова	1	0	\N	Ефремов	9	39.289999999999999
47	2014-08-09 22:22:04.268966	2014-08-10 14:29:30.062274	Анастасия	Тетерина	4	0	\N	Венев	7	10.59
27	2014-08-09 22:22:04.221589	2014-08-10 15:16:30.120396	Дмитрий	Кулаков	1	1	\N	Москва	9	53.729999999999999
25	2014-08-09 22:22:04.216862	2014-08-10 15:16:53.489739	Андрей	Кудинов	2	1	\N	Тула	8	17.130000000000001
26	2014-08-09 22:22:04.219096	2014-08-10 15:17:01.286526	Роман	Кузнецов	1	1	\N	Ефремов	9	54.480000000000001
15	2014-08-09 22:22:04.195788	2014-08-10 15:07:13.871741	Мария	Ефименко	2	0	\N	Тула	10	46.319999999999999
30	2014-08-09 22:22:04.22786	2014-08-10 15:20:30.744953	Юлия	Лантратова	3	0	\N	Тула	9	53.139999999999999
32	2014-08-09 22:22:04.232805	2014-08-10 13:33:06.988557	Павел	Луговнин	2	1	\N	Тула	9	39.65
53	2014-08-09 22:22:04.282077	2014-08-10 14:53:02.716541	Анна	Якушина	4	0	\N	Тула	9	11.99
14	2014-08-09 22:22:04.193587	2014-08-10 14:57:27.285495	Никита	Елисеев	4	1	\N	Москва	7	45.32
23	2014-08-09 22:22:04.212709	2014-08-10 15:17:14.546166	Наталья	Косолобова	4	0	\N	Тула	8	60.760000000000003
29	2014-08-09 22:22:04.225814	2014-08-10 14:58:45.037154	Варвара	Курышева	3	0	\N	Тула	10	48.510000000000001
37	2014-08-09 22:22:04.243742	2014-08-10 15:22:44.683611	Наталья	Родкина	2	0	\N	Ефремов	9	62.07
21	2014-08-09 22:22:04.208293	2014-08-10 15:07:28.708161	Алина	Кондакова	3	0	\N	Ефремов	8	36.390000000000001
24	2014-08-09 22:22:04.214819	2014-08-10 15:23:18.149359	Полина	Коцарева	1	0	\N	Валуйки	8	10.740000000000002
18	2014-08-09 22:22:04.202065	2014-08-10 15:23:33.607224	Константин	Ильин	3	1	\N	Ефремов	9	46.33
16	2014-08-09 22:22:04.197913	2014-08-10 14:59:03.588043	Екатерина	Заболотная	1	0	\N	Москва	8	25.489999999999998
35	2014-08-09 22:22:04.239294	2014-08-10 15:26:42.735722	Артемий	Овчаренко	3	1	\N	Москва	7	37.22
41	2014-08-09 22:22:04.254003	2014-08-10 15:17:38.227945	Михаил	Серегин	4	1	\N	Ефремов	9	46.77
17	2014-08-09 22:22:04.199866	2014-08-10 15:04:56.38558	Ольга	Зайцева	1	0	\N	Тула	9	47.509999999999998
13	2014-08-09 22:22:04.191368	2014-08-10 15:26:58.490796	Ульяна	Елизарова	2	0	\N	Тула	9	51.85
11	2014-08-09 22:22:04.186462	2014-08-10 13:44:12.916239	Виктория	Дроздова	2	0	\N	Ефремов	8	39.19
43	2014-08-09 22:22:04.258875	2014-08-10 15:32:27.376498	Анна	Синицына	4	0	\N	Тула	8	0.0
51	2014-08-09 22:22:04.277959	2014-08-10 14:33:40.583638	Иван	Чуев	4	1	\N	Тула	9	29.24
31	2014-08-09 22:22:04.230092	2014-08-10 15:17:57.891158	Юлия	Лосева	1	0	\N	Ефремов	9	38.959999999999999
33	2014-08-09 22:22:04.234962	2014-08-10 15:08:23.670282	Дмитрий	Мосолов	3	1	\N	Тула	9	13.62
36	2014-08-09 22:22:04.241418	2014-08-10 13:45:47.100724	Эдуард	Пахомов	3	1	\N	Ефремов	9	11.0
42	2014-08-09 22:22:04.256187	2014-08-10 15:11:59.517378	Мария	Сизова	2	0	\N	Москва	10	26.53
22	2014-08-09 22:22:04.210392	2014-08-10 14:55:10.147509	Диана	Корчагина	3	0	\N	Тула	9	24.500000000000001
50	2014-08-09 22:22:04.275228	2014-08-10 15:18:13.161894	Софья	Хлопунова	4	0	\N	Тула	8	53.410000000000001
38	2014-08-09 22:22:04.245981	2014-08-10 14:49:00.359368	Полина	Рощупкина	3	0	\N	Ефремов	8	0.139999999999999
20	2014-08-09 22:22:04.206202	2014-08-10 15:18:48.232055	Дмитрий	Кобец	2	1	\N	Венев	9	41.210000000000001
49	2014-08-09 22:22:04.273075	2014-08-10 15:05:33.853818	Федотов	Федор	4	1	\N	Тула	8	2.930000000000001
44	2014-08-09 22:22:04.261961	2014-08-10 14:35:17.320614	Кирилл	Соболь	1	1	\N	Тула	8	23.25
28	2014-08-09 22:22:04.22375	2014-08-10 13:49:15.517114	Алексей	Курлышев	1	1	\N	Тула	9	0.0
39	2014-08-09 22:22:04.24841	2014-08-10 15:13:37.165338	Евгения	Савельева	3	0	\N	Ефремов	9	49.5
40	2014-08-09 22:22:04.251155	2014-08-10 15:13:47.70294	Анастасия	Самойлова	4	0	\N	Ефремов	9	45.54
52	2014-08-09 22:22:04.279864	2014-08-10 15:09:55.782694	Карина	Шелковникова	1	0	\N	Ефремов	7	5.109999999999999
46	2014-08-09 22:22:04.266732	2014-08-10 15:19:25.353967	Дмитрий	Сухов	2	1	\N	Ефремов	9	47.179999999999999
54	2014-08-09 22:22:04.284397	2014-08-10 15:19:58.634272	Всеволод	Чукарев	2	1	\N	Тула	7	29.69
48	2014-08-09 22:22:04.271316	2014-08-10 15:14:10.265821	Назар	Токмаков	3	1	\N	Москва	10	14.660000000000001
34	2014-08-09 22:22:04.237145	2014-08-10 15:14:20.595602	Федор	Носков	4	1	\N	Тула	8	48.65
\.


--
-- Name: golimos_id_seq; Type: SEQUENCE SET; Schema: public; Owner: lmshweb
--

SELECT pg_catalog.setval('golimos_id_seq', 54, true);


--
-- Data for Name: schema_migrations; Type: TABLE DATA; Schema: public; Owner: lmshweb
--

COPY schema_migrations (version) FROM stdin;
20140629124034
20140629133329
20140629144427
20140629152653
20140629152702
20140629152722
20140629152740
20140629153419
20140713114809
20140727114946
20140727125228
20140727125237
20140727135341
20140727163006
20140727164348
20140809202251
\.


--
-- Data for Name: tasks; Type: TABLE DATA; Schema: public; Owner: lmshweb
--

COPY tasks (id, description, simple, category_id, number, created_at, updated_at, form) FROM stdin;
1	задачи про карточки	1	1	701	2014-08-10 11:32:51.341493	2014-08-10 11:32:51.341493	7
2	Тело скользит по поверхности	1	2	1005	2014-08-10 11:33:05.606644	2014-08-10 11:33:05.606644	10
3	Стрелок стреляет по мишеням и выбил 90 очков.Сколько было попаданий в десятку, девятку и т.д.	1	1	901	2014-08-10 11:33:07.640618	2014-08-10 11:33:07.640618	9
5	коктель из воды	1	2	803	2014-08-10 11:33:40.234238	2014-08-10 11:33:40.234238	8
6	задача про параллепипед	1	1	702	2014-08-10 11:33:41.664982	2014-08-10 11:33:41.664982	7
8	грузовой автомобиль	1	2	901	2014-08-10 11:33:51.715725	2014-08-10 11:33:51.715725	9
11	Радиус луны	1	2	902	2014-08-10 11:34:23.276625	2014-08-10 11:34:23.276625	9
13	Имеется 10 кг огурцов их влажность уменьшается. Сколько стал вес огурцов?	1	1	902	2014-08-10 11:34:31.364643	2014-08-10 11:34:31.364643	9
14	сгибание шнура	1	1	703	2014-08-10 11:34:34.338726	2014-08-10 11:34:34.338726	7
15	олово	1	2	804	2014-08-10 11:34:42.132828	2014-08-10 11:34:42.132828	8
17	Задача про 3 рабочих	1	1	903	2014-08-10 11:35:12.153759	2014-08-10 11:35:12.153759	9
19	про последовательность	1	1	704	2014-08-10 11:35:22.401783	2014-08-10 11:35:22.401783	7
20	Кольцо из проволоки	1	2	801	2014-08-10 11:35:28.523065	2014-08-10 11:35:28.523065	8
21	найти наибольшее значение ху	1	1	904	2014-08-10 11:35:39.850534	2014-08-10 11:35:39.850534	9
22	Тело падает сс некоторой высоты..	1	2	903	2014-08-10 11:35:43.111404	2014-08-10 11:35:43.111404	9
24	кольцо сопротивления	1	2	801	2014-08-10 11:35:45.365665	2014-08-10 11:35:45.365665	8
25	Заряд по проводнику	1	2	802	2014-08-10 11:35:46.02964	2014-08-10 11:35:46.02964	8
26	Вася спортсмен	1	1	705	2014-08-10 11:36:08.003582	2014-08-10 11:36:08.003582	7
28	5 внешне одинаковых гирь,	1	1	905	2014-08-10 11:36:17.562515	2014-08-10 11:36:17.562515	9
29	Десятинная церковь в киеве	1	5	1	2014-08-10 11:36:20.135026	2014-08-10 11:36:20.135026	7
30	Подвешенное к тросу тело...	1	2	904	2014-08-10 11:36:29.126022	2014-08-10 11:36:29.126022	9
31	Присоединение полуострова	1	5	2	2014-08-10 11:36:41.622128	2014-08-10 11:36:41.622128	7
32	заряд?	1	2	802	2014-08-10 11:36:43.264594	2014-08-10 11:36:43.264594	8
34	найти сумму коэффициентов многочлена	1	1	906	2014-08-10 11:36:52.71642	2014-08-10 11:36:52.71642	9
35	Архимед и золото	1	5	3	2014-08-10 11:36:55.286289	2014-08-10 11:36:55.286289	7
37	Найдите вес автомобиля	1	2	905	2014-08-10 11:36:59.563003	2014-08-10 11:36:59.563003	9
40	Сочетания и сложные слова	1	5	5	2014-08-10 11:37:33.577058	2014-08-10 11:37:33.577058	7
41	на тележку падает груз	1	2	906	2014-08-10 11:37:35.489457	2014-08-10 11:37:35.489457	9
42	число черный и белых пешек	1	1	907	2014-08-10 11:37:38.391397	2014-08-10 11:37:38.391397	9
45	Сожжжжжженнннный	1	5	6	2014-08-10 11:37:54.72387	2014-08-10 11:37:54.72387	7
47	при каких а система имеет 2 решения	1	1	908	2014-08-10 11:38:32.294697	2014-08-10 11:38:32.294697	9
48	Шарик скатывается по желобу	1	2	907	2014-08-10 11:38:42.055171	2014-08-10 11:38:42.055171	9
49	Религия в РФ	1	5	7	2014-08-10 11:38:43.83019	2014-08-10 11:38:43.83019	7
54	сколько будет воды после 2014 переливаний	1	1	909	2014-08-10 11:39:43.31693	2014-08-10 11:39:43.31693	9
55	6 кусков	1	1	801	2014-08-10 11:39:50.899406	2014-08-10 11:39:50.899406	8
57	Два крокодила в глубоком космосе	1	2	908	2014-08-10 11:39:52.451007	2014-08-10 11:39:52.451007	9
60	какая доля населения состоит в браке?	1	1	910	2014-08-10 11:40:12.010839	2014-08-10 11:40:12.010839	9
61	Шар с пулей	1	2	909	2014-08-10 11:40:13.672414	2014-08-10 11:40:13.672414	9
64	двузначное число	1	1	802	2014-08-10 11:40:42.594347	2014-08-10 11:40:42.594347	8
65	Кеннинги	1	5	1	2014-08-10 11:40:42.982834	2014-08-10 11:40:42.982834	8
67	Манифест 1721 года	1	5	2	2014-08-10 11:41:02.401216	2014-08-10 11:41:02.401216	8
69	Пуля в древесине	1	2	910	2014-08-10 11:41:26.226524	2014-08-10 11:41:26.226524	9
56	Любимый герой	0	5	2	2014-08-10 11:39:52.166765	2014-08-10 12:19:40.87295	7
62	Четыре сферы общественной жизни	0	5	3	2014-08-10 11:40:22.716619	2014-08-10 12:19:52.361725	7
63	расшифруйте ребус	0	1	911	2014-08-10 11:40:40.292373	2014-08-10 12:20:02.755525	9
46	Амперметр	0	2	806	2014-08-10 11:38:04.423858	2014-08-10 12:20:15.444165	8
44	полный квадрат	0	1	707	2014-08-10 11:37:54.698645	2014-08-10 12:20:18.95322	7
68	доказать что выражение делится на 9	0	1	912	2014-08-10 11:41:22.513261	2014-08-10 12:20:26.225768	9
10	Задача про людей в деревне	1	1	2	2014-08-10 11:34:14.139701	2014-08-10 12:24:46.917583	10
36	остаток от деления на 5	0	1	706	2014-08-10 11:36:58.630537	2014-08-10 12:20:38.528241	7
70	колонна автомобилей	0	2	809	2014-08-10 11:41:30.922831	2014-08-10 12:20:52.775747	8
18	Задача про Ломоносова	1	1	3	2014-08-10 11:35:13.080914	2014-08-10 12:24:54.820725	10
50	распил куба	0	1	708	2014-08-10 11:38:53.510567	2014-08-10 12:20:54.043691	7
27	Задача с уравнением в целых числах	1	1	5	2014-08-10 11:36:13.962287	2014-08-10 12:25:16.838781	10
4	заряд конденсатора	0	2	1006	2014-08-10 11:33:33.220277	2014-08-10 12:25:18.234619	10
58	Кто брусок , кто магнит?	0	2	808	2014-08-10 11:40:04.939484	2014-08-10 12:21:25.75364	8
39	Задача на множество значений	0	1	7	2014-08-10 11:37:24.149956	2014-08-10 12:25:36.478438	10
52	Диаметр нити	0	2	807	2014-08-10 11:39:11.976893	2014-08-10 12:23:13.331644	8
7	Задача про тракторы	1	1	1	2014-08-10 11:33:48.134725	2014-08-10 12:24:36.318307	10
33	Геометрическая задача с прямоугольным треугольником	1	1	6	2014-08-10 11:36:51.68575	2014-08-10 12:25:25.597811	10
9	На схеме на рисунке про ключ	0	2	1007	2014-08-10 11:34:06.678071	2014-08-10 12:25:39.713599	10
43	Задача с делением нацело на 7	0	1	8	2014-08-10 11:37:49.061358	2014-08-10 12:25:44.43038	10
51	Задача с натуральными значениями	0	1	1009	2014-08-10 11:39:07.353692	2014-08-10 12:25:51.606807	10
59	Задача с кучей камней	0	1	1010	2014-08-10 11:40:09.581721	2014-08-10 12:26:00.825061	10
66	Геометрическая задача с вписанным треуголником	0	1	1011	2014-08-10 11:40:46.753806	2014-08-10 12:26:08.924291	10
16	Лежали два бруска	0	2	1009	2014-08-10 11:35:10.472374	2014-08-10 12:27:10.733038	10
12	10 моль	0	2	1008	2014-08-10 11:34:28.919034	2014-08-10 12:27:33.21214	10
38	Низкая темература воздуха	1	2	4	2014-08-10 11:37:16.430436	2014-08-10 12:32:32.458066	8
71	Говорящие фамилии	1	5	3	2014-08-10 11:41:38.537389	2014-08-10 11:41:38.537389	8
72	произведение цифр 540	1	1	803	2014-08-10 11:41:38.913153	2014-08-10 11:41:38.913153	8
73	Повар 17-тилетняя Катя	1	5	4	2014-08-10 11:42:04.729545	2014-08-10 11:42:04.729545	8
77	Петруша Гринев	1	5	5	2014-08-10 11:42:29.014304	2014-08-10 11:42:29.014304	8
78	число из двоек	1	1	804	2014-08-10 11:42:34.357636	2014-08-10 11:42:34.357636	8
79	В новом положении	1	5	6	2014-08-10 11:42:52.086909	2014-08-10 11:42:52.086909	8
81	Задача на трофические уровни	1	3	1001	2014-08-10 11:43:05.589318	2014-08-10 11:43:05.589318	10
82	девятки в степени	1	1	805	2014-08-10 11:43:25.903255	2014-08-10 11:43:25.903255	8
83	С запасом величавых образов	1	5	7	2014-08-10 11:43:29.181	2014-08-10 11:43:29.181	8
84	Задача про антропогенез	1	3	1002	2014-08-10 11:43:39.840773	2014-08-10 11:43:39.840773	10
87	ЛютерКолумбДиашГама	1	5	8	2014-08-10 11:44:13.411721	2014-08-10 11:44:13.411721	8
88	факториал 13-ти	1	1	807	2014-08-10 11:44:18.070685	2014-08-10 11:44:18.070685	8
90	Задача с круговоротом веществ и редуцентами	1	3	1003	2014-08-10 11:44:58.362054	2014-08-10 11:44:58.362054	10
93	две биссектрисы	1	1	808	2014-08-10 11:45:14.531553	2014-08-10 11:45:14.531553	8
94	угол шарика на нитке в ОЭП	1	2	1001	2014-08-10 11:45:19.45297	2014-08-10 11:45:19.45297	10
95	Задачи на цепи питания	1	3	1004	2014-08-10 11:45:38.74755	2014-08-10 11:45:38.74755	10
96	Ольга написала Владимиру	1	5	3	2014-08-10 11:45:39.891998	2014-08-10 11:45:39.891998	8
97	ВИЧ и СПИД	1	3	901	2014-08-10 11:45:40.573193	2014-08-10 11:45:40.573193	9
99	Во времена Елизаветы бывало	1	5	4	2014-08-10 11:46:05.097174	2014-08-10 11:46:05.097174	8
101	история натуралиста	1	3	902	2014-08-10 11:46:22.472488	2014-08-10 11:46:22.472488	9
102	Задача с солнечной энергией	1	3	1005	2014-08-10 11:46:27.766443	2014-08-10 11:46:27.766443	10
103	Гумилев	1	5	5	2014-08-10 11:46:30.995614	2014-08-10 11:46:30.995614	8
105	водоросли с процессами конъюкции	1	3	903	2014-08-10 11:46:59.879006	2014-08-10 11:46:59.879006	9
106	О каком правителе идет речь	1	5	1	2014-08-10 11:47:00.076882	2014-08-10 11:47:00.076882	9
107	Симбиотическая микрофлора	1	3	801	2014-08-10 11:47:04.232968	2014-08-10 11:47:04.232968	8
108	Внутреннее сопротивление	1	2	1002	2014-08-10 11:47:05.412874	2014-08-10 11:47:05.412874	10
109	Поэт-крестьянин	1	5	2	2014-08-10 11:47:13.958471	2014-08-10 11:47:13.958471	9
111	Литовские глаголы	1	5	3	2014-08-10 11:47:32.346078	2014-08-10 11:47:32.346078	9
112	местообитание кабаньих стад	1	3	904	2014-08-10 11:47:37.41968	2014-08-10 11:47:37.41968	9
114	Весной в Зимнем дворце	1	5	4	2014-08-10 11:48:02.287646	2014-08-10 11:48:02.287646	9
115	Гипоталамус	1	3	802	2014-08-10 11:48:04.893216	2014-08-10 11:48:04.893216	8
117	Высказывания из произведения	1	5	5	2014-08-10 11:48:20.203049	2014-08-10 11:48:20.203049	9
118	рацион ребенка	1	3	905	2014-08-10 11:48:20.324296	2014-08-10 11:48:20.324296	9
119	газ на работе	1	2	1003	2014-08-10 11:48:21.90418	2014-08-10 11:48:21.90418	10
120	Продразверста и продналог	1	5	6	2014-08-10 11:48:34.44953	2014-08-10 11:48:34.44953	9
121	История натуралиста К. Брема.	1	3	803	2014-08-10 11:48:58.905923	2014-08-10 11:48:58.905923	8
123	ферменты и катализаторы	1	3	906	2014-08-10 11:49:16.561702	2014-08-10 11:49:16.561702	9
124	Художники-импрессионисты	1	5	7	2014-08-10 11:49:19.301178	2014-08-10 11:49:19.301178	9
126	ВОВ	1	3	907	2014-08-10 11:49:38.449086	2014-08-10 11:49:38.449086	9
127	Отрывок из произведения	1	5	8	2014-08-10 11:49:41.949125	2014-08-10 11:49:41.949125	9
128	идеальный одноатомный газ	1	2	1004	2014-08-10 11:49:43.755514	2014-08-10 11:49:43.755514	10
130	Тренировка	1	3	804	2014-08-10 11:50:11.027745	2014-08-10 11:50:11.027745	8
131	Смысл агиевых конюшен	1	5	10	2014-08-10 11:50:12.069055	2014-08-10 11:50:12.069055	9
132	рецепторы различных анализаторов	1	3	908	2014-08-10 11:50:24.54834	2014-08-10 11:50:24.54834	9
133	листопад	1	3	701	2014-08-10 11:50:25.56099	2014-08-10 11:50:25.56099	7
136	оболочки глаза человека	1	3	909	2014-08-10 11:50:48.455567	2014-08-10 11:50:48.455567	9
137	Ротовые аппараты у жука и тд.	1	3	805	2014-08-10 11:51:09.632872	2014-08-10 11:51:09.632872	8
139	метаморфоз	1	3	702	2014-08-10 11:51:25.819776	2014-08-10 11:51:25.819776	7
141	члены семьи работали руками	1	3	9010	2014-08-10 11:51:44.97555	2014-08-10 11:51:44.97555	9
143	Толкования терминов	1	5	1	2014-08-10 11:51:59.065315	2014-08-10 11:51:59.065315	10
144	букет	1	3	703	2014-08-10 11:52:10.187341	2014-08-10 11:52:10.187341	7
85	Невесомый стержень с шариками	0	2	912	2014-08-10 11:43:42.521602	2014-08-10 12:20:52.87728	9
75	число с огромным количеством 33	0	1	913	2014-08-10 11:42:23.759006	2014-08-10 12:20:56.054941	9
80	камни в 3 кучках	0	1	914	2014-08-10 11:43:00.279559	2014-08-10 12:21:07.83768	9
76	лед в ведре	0	2	810	2014-08-10 11:42:28.107005	2014-08-10 12:21:15.669744	8
110	правильный 5000-угольник	0	1	810	2014-08-10 11:47:14.337579	2014-08-10 12:21:17.466702	8
86	можно ли разрезать на 1000 частей треугольник	0	1	915	2014-08-10 11:43:43.876991	2014-08-10 12:21:20.955033	9
98	Блок и 2 груза	0	2	914	2014-08-10 11:45:52.974238	2014-08-10 12:21:26.597732	9
89	Крещение Руси	0	5	1	2014-08-10 11:44:30.41918	2014-08-10 12:21:43.82647	8
100	остаток от деления на 42	0	1	809	2014-08-10 11:46:10.38114	2014-08-10 12:21:45.147603	8
91	Мандельштам	0	5	2	2014-08-10 11:45:09.844418	2014-08-10 12:21:49.79569	8
122	задача о тилимилитивности	0	1	812	2014-08-10 11:49:16.176822	2014-08-10 12:22:14.758203	8
116	венгерские деньги	0	1	811	2014-08-10 11:48:18.382019	2014-08-10 12:22:36.211572	8
134	Возить уголь в Ньюкасл	0	5	1	2014-08-10 11:50:29.731709	2014-08-10 12:22:46.541189	9
135	Одна шестидесятая	0	5	2	2014-08-10 11:50:45.667732	2014-08-10 12:22:52.741736	9
104	Задача с опытом ван Гельмонта	0	3	1016	2014-08-10 11:46:55.885232	2014-08-10 12:22:57.280115	10
138	Карикатура 1917	0	5	3	2014-08-10 11:51:22.597684	2014-08-10 12:22:59.276181	9
140	Исторические даты в выражении	0	5	4	2014-08-10 11:51:40.062762	2014-08-10 12:23:06.698698	9
113	Задача на экосистему в водоёме	0	3	1017	2014-08-10 11:47:38.863947	2014-08-10 12:23:07.014723	10
142	Птицезвери	0	3	816	2014-08-10 11:51:58.221123	2014-08-10 12:23:12.102412	8
125	Задача с бабочками	0	3	1018	2014-08-10 11:49:35.563859	2014-08-10 12:23:16.303228	10
129	Задача на многопалость	0	3	1019	2014-08-10 11:49:57.301025	2014-08-10 12:23:31.130948	10
145	Текст и текстильный	1	5	2	2014-08-10 11:52:15.853042	2014-08-10 11:52:15.853042	10
146	Кому посвящено стихотворение	1	5	3	2014-08-10 11:52:31.734267	2014-08-10 11:52:31.734267	10
148	Летом 1914	1	5	4	2014-08-10 11:52:46.789374	2014-08-10 11:52:46.789374	10
150	За роман дали премию	1	5	5	2014-08-10 11:53:01.642948	2014-08-10 11:53:01.642948	10
158	холод для животных	1	3	704	2014-08-10 11:54:23.525962	2014-08-10 11:54:23.525962	7
162	углекислый газ	1	3	705	2014-08-10 11:55:19.368235	2014-08-10 11:55:19.368235	7
165	После смерти Менделеева	1	4	801	2014-08-10 11:57:26.660239	2014-08-10 11:57:26.660239	8
166	Задача про сероводород	1	4	901	2014-08-10 11:57:45.510236	2014-08-10 11:57:45.510236	9
167	Почему молекулы образуются	1	4	802	2014-08-10 11:57:49.118271	2014-08-10 11:57:49.118271	8
169	Из стального объема	1	4	803	2014-08-10 11:58:05.189012	2014-08-10 11:58:05.189012	8
170	взрывоопасная смесь	1	4	1001	2014-08-10 11:58:09.997914	2014-08-10 11:58:09.997914	10
171	Задача про серную кислоту 	1	4	902	2014-08-10 11:58:27.620524	2014-08-10 11:58:27.620524	9
172	Какую массу бария?	1	4	804	2014-08-10 11:58:40.862289	2014-08-10 11:58:40.862289	8
173	Задача про углекислый газ	1	4	903	2014-08-10 11:58:47.315012	2014-08-10 11:58:47.315012	9
174	Кристаллогидрат	1	4	805	2014-08-10 11:59:10.761819	2014-08-10 11:59:10.761819	8
175	смесь углеводородов	1	4	1002	2014-08-10 11:59:19.680453	2014-08-10 11:59:19.680453	10
176	Задача на pH	1	4	904	2014-08-10 11:59:27.080338	2014-08-10 11:59:27.080338	9
179	Задача на серную кислоту и шарик	1	4	905	2014-08-10 12:00:18.103043	2014-08-10 12:00:18.103043	9
180	равновесная концентрация	1	4	1003	2014-08-10 12:00:26.393753	2014-08-10 12:00:26.393753	10
181	Задача на раствор кремния	1	4	906	2014-08-10 12:00:43.777211	2014-08-10 12:00:43.777211	9
182	ультрафиолет	1	4	1004	2014-08-10 12:01:19.278396	2014-08-10 12:01:19.278396	10
183	Задача про порошок графита	1	4	907	2014-08-10 12:01:43.359589	2014-08-10 12:01:43.359589	9
184	кадмиевая пластинка	1	4	1005	2014-08-10 12:02:12.563255	2014-08-10 12:02:12.563255	10
185	Задача на уравновешивание весов	1	4	908	2014-08-10 12:02:24.557165	2014-08-10 12:02:24.557165	9
186	Задача с константой диссоциацией	1	4	909	2014-08-10 12:02:50.136623	2014-08-10 12:02:50.136623	9
188	Задача с раствором этанола	1	4	9010	2014-08-10 12:03:22.461059	2014-08-10 12:03:22.461059	9
53	Прибор - единица измерения	0	5	1	2014-08-10 11:39:24.811027	2014-08-10 12:15:28.790457	7
74	Геостационарные спутники	0	2	911	2014-08-10 11:42:21.964809	2014-08-10 12:20:25.789642	9
92	Коэффициент трения брусков о плоскость	0	2	913	2014-08-10 11:45:10.061669	2014-08-10 12:21:09.480051	9
149	секреция пищеварительного сока	0	3	9111	2014-08-10 11:52:48.002003	2014-08-10 12:22:01.022812	9
189	Задача с ракетным топливом	0	4	9111	2014-08-10 12:03:42.859684	2014-08-10 12:22:12.400595	9
155	безъядерные клетки 	0	3	9112	2014-08-10 11:53:49.389825	2014-08-10 12:22:15.268188	9
191	Задача на человеческое дыхание	0	4	9112	2014-08-10 12:04:20.656949	2014-08-10 12:22:24.184619	9
192	Задача на пять сосудов	0	4	9112	2014-08-10 12:04:52.770352	2014-08-10 12:22:32.911301	9
159	препараты убивающие насекомых	0	3	9113	2014-08-10 11:54:35.101737	2014-08-10 12:22:36.808126	9
195	Задача на экспериментальное определение состава	0	4	9114	2014-08-10 12:05:55.524719	2014-08-10 12:22:41.215852	9
161	животное подвержено лучевому излучению	0	3	9114	2014-08-10 11:55:18.03206	2014-08-10 12:22:45.10941	9
151	Спикер отверг домыслы	0	5	1	2014-08-10 11:53:16.034087	2014-08-10 12:23:12.962797	10
153	Числа римской системы	0	5	2	2014-08-10 11:53:28.710313	2014-08-10 12:23:18.3978	10
147	Наружнее пищеварение у животных	0	3	817	2014-08-10 11:52:44.526643	2014-08-10 12:23:23.857511	8
154	Алиса в стране чудес	0	5	3	2014-08-10 11:53:45.014554	2014-08-10 12:23:23.996558	10
157	Страна известная	0	5	4	2014-08-10 11:53:59.709176	2014-08-10 12:23:31.391008	10
152	Кролик скребет	0	3	818	2014-08-10 11:53:19.883706	2014-08-10 12:23:34.991268	8
156	кольчатые черви	0	3	819	2014-08-10 11:53:58.006613	2014-08-10 12:24:09.022676	8
160	альвеолярные пезурьки	0	3	8110	2014-08-10 11:54:39.708416	2014-08-10 12:24:41.610764	8
23	Задача на вычисление без калькулятора	1	1	4	2014-08-10 11:35:43.521405	2014-08-10 12:25:09.826362	10
163	регенерация	0	3	716	2014-08-10 11:56:05.617469	2014-08-10 12:27:39.618559	7
164	самоопыление	0	3	717	2014-08-10 11:57:02.768393	2014-08-10 12:28:03.400498	7
168	анабиоз	0	3	718	2014-08-10 11:58:01.790563	2014-08-10 12:28:18.764363	7
178	Экологическая обстановка в Москве	0	4	817	2014-08-10 12:00:17.525363	2014-08-10 12:49:59.389244	8
177	Кислород сожгли	0	4	816	2014-08-10 11:59:57.928234	2014-08-10 12:50:03.074322	8
187	уксусная кислота	0	4	1016	2014-08-10 12:03:05.957609	2014-08-10 12:50:03.094867	10
190	живая и мёртвая вода	0	4	1017	2014-08-10 12:03:57.320593	2014-08-10 12:50:14.037696	10
193	загадочные вещества	0	4	1018	2014-08-10 12:04:57.389548	2014-08-10 12:50:29.197759	10
194	бинарное соединение	0	4	1019	2014-08-10 12:05:38.576696	2014-08-10 12:50:34.3185	10
\.


--
-- Name: tasks_id_seq; Type: SEQUENCE SET; Schema: public; Owner: lmshweb
--

SELECT pg_catalog.setval('tasks_id_seq', 195, true);


--
-- Data for Name: users; Type: TABLE DATA; Schema: public; Owner: lmshweb
--

COPY users (id, name, email, crypted_password, salt, created_at, updated_at, role_id, remember_me_token, remember_me_token_expires_at, avatar_file_name, avatar_content_type, avatar_file_size, avatar_updated_at) FROM stdin;
1	LMHS Admin	admin@lmsha.com	$2a$10$bB/0wA/ncGs0hAYBZ2HjBuSSZSDKVIS6TO5Y.zNbCpQ2A2JM0wAVG	2uBw4jwh29wyLmsWqU2F	2014-08-09 22:21:23.650991	2014-08-09 22:21:23.650991	4	\N	\N	\N	\N	\N	\N
\.


--
-- Name: users_id_seq; Type: SEQUENCE SET; Schema: public; Owner: lmshweb
--

SELECT pg_catalog.setval('users_id_seq', 1, true);


--
-- Name: assignments_pkey; Type: CONSTRAINT; Schema: public; Owner: lmshweb; Tablespace: 
--

ALTER TABLE ONLY assignments
    ADD CONSTRAINT assignments_pkey PRIMARY KEY (id);


--
-- Name: golimos_pkey; Type: CONSTRAINT; Schema: public; Owner: lmshweb; Tablespace: 
--

ALTER TABLE ONLY golimos
    ADD CONSTRAINT golimos_pkey PRIMARY KEY (id);


--
-- Name: tasks_pkey; Type: CONSTRAINT; Schema: public; Owner: lmshweb; Tablespace: 
--

ALTER TABLE ONLY tasks
    ADD CONSTRAINT tasks_pkey PRIMARY KEY (id);


--
-- Name: users_pkey; Type: CONSTRAINT; Schema: public; Owner: lmshweb; Tablespace: 
--

ALTER TABLE ONLY users
    ADD CONSTRAINT users_pkey PRIMARY KEY (id);


--
-- Name: index_users_on_email; Type: INDEX; Schema: public; Owner: lmshweb; Tablespace: 
--

CREATE UNIQUE INDEX index_users_on_email ON users USING btree (email);


--
-- Name: index_users_on_remember_me_token; Type: INDEX; Schema: public; Owner: lmshweb; Tablespace: 
--

CREATE INDEX index_users_on_remember_me_token ON users USING btree (remember_me_token) WHERE (remember_me_token IS NOT NULL);


--
-- Name: unique_schema_migrations; Type: INDEX; Schema: public; Owner: lmshweb; Tablespace: 
--

CREATE UNIQUE INDEX unique_schema_migrations ON schema_migrations USING btree (version);


--
-- Name: public; Type: ACL; Schema: -; Owner: postgres
--

REVOKE ALL ON SCHEMA public FROM PUBLIC;
REVOKE ALL ON SCHEMA public FROM postgres;
GRANT ALL ON SCHEMA public TO postgres;
GRANT ALL ON SCHEMA public TO PUBLIC;


--
-- PostgreSQL database dump complete
--

